Type,Name,Request Count,Failure Count,Median Response Time,Average Response Time,Min Response Time,Max Response Time,Average Content Size,Requests/s,Failures/s,50%,66%,75%,80%,90%,95%,98%,99%,99.9%,99.99%,100%
POST,Create Folder,573,1,87,488.563887301969,19.999908981844783,129617.46786301956,246.56893542757416,0.636660624512865,0.0011111005663400784,87,140,190,240,540,1400,2600,3400,130000,130000,130000
POST,Create Page,554,0,6400.0,7270.010336266918,2435.351005056873,19946.24783913605,295.8086642599278,0.6155497137524035,0.0,6400,7900,9100,9800,12000,14000,16000,17000,20000,20000,20000
POST,List Folders,572,0,39,51.57514929509286,8.04506498388946,654.1453888639808,29190.284965034964,0.6355495239465249,0.0,39,50,59,67,88,120,180,260,650,650,650
GET,Load content,36708,0,31,126.49585754325224,2.6575098745524883,12223.09159883298,580441.8393810614,40.7862795892116,0.0,31,72,110,150,310,520,920,1300,4400,10000,12000
GET,Load page,1879,35,120.0,182.78354696385233,26.669376995414495,3168.2834590319544,11678.616817456093,2.0877579641530075,0.038888519821902744,120,160,200,230,340,460,700,950,3200,3200,3200
POST,Query Page Tree,7517,2,22,156.38474110597926,4.511497914791107,130992.30030993931,8854.591193295197,8.35214295717837,0.002222201132680157,22,40,59,80,210,500,1300,2400,4300,131000,131000
POST,Upload file,7226,0,300.0,717.5300766262434,25.055367033928633,15062.65031802468,2.0,8.028812692373407,0.0,300,510,750,950,1800,2900,4700,5900,10000,15000,15000
,Aggregated,55029,38,47,285.0189986216423,2.6575098745524883,130992.30030993931,389110.8248378128,61.142753065128176,0.042221821520922985,47,110,170,230,500,1000,2900,5000,12000,18000,131000
