Type,Name,Request Count,Failure Count,Median Response Time,Average Response Time,Min Response Time,Max Response Time,Average Content Size,Requests/s,Failures/s,50%,66%,75%,80%,90%,95%,98%,99%,99.9%,99.99%,100%
MKCOL,Create folder,357,0,190.0,302.7845161667952,106.26741702435538,2677.9797959607095,0.0,0.39674265630732447,0.0,190,240,310,360,650,900,1300,1500,2700,2700,2700
PUT,Upload file,5958,0,330.0,482.35966377922006,136.50188501924276,8061.312152072787,0.0,6.621268196860054,0.0,330,430,530,620,910,1200,1800,2200,6400,8100,8100
,Aggregated,6315,0,320.0,472.2079095911542,106.26741702435538,8061.312152072787,0.0,7.018010853167379,0.0,320,420,520,610,900,1200,1800,2100,6100,8100,8100
