Type,Name,Request Count,Failure Count,Median Response Time,Average Response Time,Min Response Time,Max Response Time,Average Content Size,Requests/s,Failures/s,50%,66%,75%,80%,90%,95%,98%,99%,99.9%,99.99%,100%
POST,Create Folder,1139,0,74,107.33473918604508,13.73044605134055,1168.8856480177492,247.0,1.2649913036274554,0.0,74,100,130,140,210,300,470,610,1100,1200,1200
POST,Create Page,1133,0,9700.0,10701.872075890224,49.70222699921578,56806.17739702575,296.1235657546337,1.258327609315107,0.0,9700,12000,13000,14000,17000,19000,25000,44000,54000,57000,57000
POST,List Folders,1139,0,49,68.89901105206152,11.199333006516099,550.0658550299704,58118.9622475856,1.2649913036274554,0.0,49,69,83,96,140,190,250,280,420,550,550
POST,Upload file,12365,0,330.0,757.4951573879982,21.865787042770535,12049.725497025065,2.0,13.732763362031154,0.0,330,580,840,1100,1900,2900,4700,5900,9300,12000,12000
,Aggregated,15776,0,290.0,1375.0240190547308,11.199333006516099,56806.17739702575,4236.756402129818,17.52107357860117,0.0,290,570,930,1300,3400,7900,13000,15000,41000,54000,57000
