Type,Name,Request Count,Failure Count,Median Response Time,Average Response Time,Min Response Time,Max Response Time,Average Content Size,Requests/s,Failures/s,50%,66%,75%,80%,90%,95%,98%,99%,99.9%,99.99%,100%
GET,download,4399,94,7,7.036650362301759,2.0928800804540515,21.571370074525476,3971.286656058195,4.876026569730879,0.10419333883944137,7,7,8,8,9,10,11,12,16,22,22
,Aggregated,4399,94,7,7.036650362301759,2.0928800804540515,21.571370074525476,3971.286656058195,4.876026569730879,0.10419333883944137,7,7,8,8,9,10,11,12,16,22,22
