Type,Name,Request Count,Failure Count,Median Response Time,Average Response Time,Min Response Time,Max Response Time,Average Content Size,Requests/s,Failures/s,50%,66%,75%,80%,90%,95%,98%,99%,99.9%,99.99%,100%
GET,Load content,32281,0,14,34.63021733390198,2.5221318937838078,700.9618759620935,592139.4011028159,35.882575173146016,0.0,14,26,39,51,89,130,200,240,410,610,700
GET,Load page,2059,1,60,67.16310378885953,26.48914302699268,296.94842197932303,9836.239436619719,2.288721609662267,0.0011115695044498625,60,72,79,83,99,120,150,170,280,300,300
POST,Query Page Tree,4125,0,30,32.756073738758765,4.36473498120904,1073.3031830750406,60688.527272727275,4.585224205855683,0.0,30,47,51,54,64,76,92,110,290,1100,1100
,Aggregated,38465,1,16,36.17069233405256,2.5221318937838078,1073.3031830750406,503976.21211490966,42.756520988663965,0.0011115695044498625,16,34,48,57,87,120,190,230,400,1000,1100
