Type,Name,Request Count,Failure Count,Median Response Time,Average Response Time,Min Response Time,Max Response Time,Average Content Size,Requests/s,Failures/s,50%,66%,75%,80%,90%,95%,98%,99%,99.9%,99.99%,100%
GET,Load content,108861,1,12,34.777928979917206,2.347256988286972,1698.2413089135662,574825.4272788235,120.95473529931574,0.001111093369519991,12,22,34,46,91,130,220,300,670,1100,1700
GET,Load page,5468,26,57,64.93045569017647,21.45276399096474,313.4616779861972,11948.198792977322,6.075458544535311,0.02888842760751977,57,69,78,84,100,120,150,170,270,310,310
POST,Query Page Tree,10952,0,18,22.613555456481617,3.731091972440481,1085.3286319761537,14860.917092768444,12.168694582982942,0.0,18,25,29,31,40,49,68,93,1000,1100,1100
,Aggregated,125281,27,13,35.03055944441728,2.347256988286972,1698.2413089135662,501306.3461658192,139.198888426834,0.029999520977039756,13,25,38,49,89,130,210,290,660,1100,1700
