Type,Name,Request Count,Failure Count,Median Response Time,Average Response Time,Min Response Time,Max Response Time,Average Content Size,Requests/s,Failures/s,50%,66%,75%,80%,90%,95%,98%,99%,99.9%,99.99%,100%
MKCOL,Create folder,42,0,170.0,198.76728158366555,119.63343806564808,699.6380430646241,0.0,0.04668309282673672,0.0,170,180,190,200,220,440,700,700,700,700,700
GET,Get file,1900,0,75,107.4257165882859,41.965362965129316,1028.2740159891546,956782.8342105263,2.1118541993047564,0.0,75,85,95,110,140,350,430,590,970,1000,1000
PUT,Upload file,934,0,250.0,282.8251416979425,158.0705759115517,1361.8397320387885,0.0,1.038143064289812,0.0,250,270,290,300,400,530,630,720,1400,1400,1400
,Aggregated,2876,0,96,165.721755803246,41.965362965129316,1361.8397320387885,632088.7986787205,3.196680356421305,0.0,96,210,240,260,320,400,550,630,1400,1400,1400
