Type,Name,Request Count,Failure Count,Median Response Time,Average Response Time,Min Response Time,Max Response Time,Average Content Size,Requests/s,Failures/s,50%,66%,75%,80%,90%,95%,98%,99%,99.9%,99.99%,100%
GET,Load content,74092,0,11,31.717888951744825,2.381838043220341,1495.2462379587814,574076.423851428,82.32548518246502,0.0,11,21,31,42,86,120,200,270,580,900,1500
GET,Load page,3725,20,57,64.48991112911061,22.977928048931062,520.2818870311603,11945.684832214765,4.138941212339824,0.02222250315350241,57,69,77,82,100,120,150,180,350,520,520
POST,Query Page Tree,7468,0,17,21.719899217527495,3.6756449844688177,1071.141473017633,14834.553026245314,8.2978826775178,0.0,17,25,29,31,40,48,61,78,1000,1100,1100
,Aggregated,85285,20,12,32.2737990798512,2.381838043220341,1495.2462379587814,500554.0542182095,94.76230907232265,0.02222250315350241,12,24,36,45,84,120,190,260,560,1000,1500
