Type,Name,Request Count,Failure Count,Median Response Time,Average Response Time,Min Response Time,Max Response Time,Average Content Size,Requests/s,Failures/s,50%,66%,75%,80%,90%,95%,98%,99%,99.9%,99.99%,100%
POST,Create Folder,766,1,27,307.93179109067637,14.21637088060379,129571.2108539883,246.677545691906,0.8512816593194569,0.0011113337589026852,27,36,44,52,130,470,2400,3000,130000,130000,130000
POST,Create Page,754,0,3500.0,4278.485661405274,2174.7208521701396,23100.406656973064,295.85941644562337,0.8379456542126247,0.0,3500,4200,4600,5100,6200,8300,15000,20000,23000,23000,23000
POST,List Folders,765,0,27,38.412087526951545,7.164043840020895,729.1390069294721,39033.63267973856,0.8501703255605543,0.0,27,32,37,41,62,81,110,220,730,730,730
POST,Upload file,8334,0,89,280.1542446629207,23.764451034367085,16302.97294515185,2.0,9.26185554669498,0.0,89,140,210,270,490,920,2100,4500,10000,16000,16000
,Aggregated,10619,1,83,548.6434374850677,7.164043840020895,129571.2108539883,2852.3806384781997,11.801253185787616,0.0011113337589026852,83,150,240,330,1300,3400,4900,6100,18000,23000,130000
