Type,Name,Request Count,Failure Count,Median Response Time,Average Response Time,Min Response Time,Max Response Time,Average Content Size,Requests/s,Failures/s,50%,66%,75%,80%,90%,95%,98%,99%,99.9%,99.99%,100%
POST,Create Folder,1765,371,95,163.48178846789287,3.5875949542969465,3458.6922919843346,215.2441926345609,1.9610874105112408,0.4122172403964138,95,140,190,230,400,540,810,1200,2100,3500,3500
POST,Create Page,1315,0,16000.0,19782.601189723784,13.937845011241734,89936.24635902233,295.90798479087454,1.4610934531571,0.0,16000,23000,28000,32000,43000,55000,65000,82000,89000,90000,90000
POST,List Folders,1765,371,52,102.9865226240053,2.3143390426412225,2736.175794969313,55915.49801699717,1.9610874105112408,0.4122172403964138,52,79,100,130,210,330,680,1100,2700,2700,2700
POST,Upload file,14632,4,710.0,1829.8583319102988,19.417138013523072,83703.91036698129,2.0172225259704755,16.257581297790637,0.0044443907320368065,710,1500,2200,2700,4600,7100,11000,13000,22000,83000,84000
,Aggregated,19477,746,560.0,2734.452135651046,2.3143390426412225,89936.24635902233,5108.045130153514,21.640849571970218,0.8288788715248644,560,1300,2200,2900,6000,12000,26000,37000,77000,89000,90000
