Type,Name,Request Count,Failure Count,Median Response Time,Average Response Time,Min Response Time,Max Response Time,Average Content Size,Requests/s,Failures/s,50%,66%,75%,80%,90%,95%,98%,99%,99.9%,99.99%,100%
MKCOL,Create folder,34,0,150.0,191.4917122990386,120.10819598799571,639.7867280757055,0.0,0.03778460862296693,0.0,150,160,180,210,310,490,640,640,640,640,640
GET,Get file,1281,0,76,133.99019320399094,41.38480295659974,5495.177224976942,939906.6994535519,1.4235906954711952,0.0,76,97,130,200,330,370,490,520,2600,5500,5500
PUT,Upload file,857,0,250.0,289.86821856324985,145.34658100456,886.6314990445971,0.0,0.9523943997024312,0.0,250,300,330,360,480,550,640,680,890,890,890
,Aggregated,2172,0,180.0,196.39466805763576,41.38480295659974,5495.177224976942,554337.238489871,2.4137697037965933,0.0,180,230,270,300,380,490,560,640,890,5500,5500
