Type,Name,Request Count,Failure Count,Median Response Time,Average Response Time,Min Response Time,Max Response Time,Average Content Size,Requests/s,Failures/s,50%,66%,75%,80%,90%,95%,98%,99%,99.9%,99.99%,100%
GET,/api/v1/oauth-clients/local,25,0,15,16.97660794481635,8.357782964594662,35.8660890487954,99.0,0.02772033787516007,0.0,15,16,16,18,34,35,36,36,36,36,36
POST,/api/v1/users/token,25,10,110.0,95.35753808449954,3.0036570969969034,392.40884594619274,133.2,0.02772033787516007,0.011088135150064028,110,110,120,120,150,390,390,390,390,390,390
POST,/api/v1/videos/upload,244,118,960.0,646.4103228020383,100.84870900027454,2289.448866038583,50.52459016393443,0.2705504976615623,0.13083999477075553,960,1000,1000,1100,1200,1400,2000,2100,2300,2300,2300
GET,download,1084,0,7,10.451310869036552,3.048256039619446,177.7278329245746,4058.0,1.2019538502669407,0.0,7,7,8,8,9,19,88,130,170,180,180
,Aggregated,1378,128,7,124.7182100119491,3.0036570969969034,2289.448866038583,3205.3737300435414,1.5279450236788232,0.14192812992081957,7,8,13,100,170,1000,1100,1300,2300,2300,2300
