Type,Name,Request Count,Failure Count,Median Response Time,Average Response Time,Min Response Time,Max Response Time,Average Content Size,Requests/s,Failures/s,50%,66%,75%,80%,90%,95%,98%,99%,99.9%,99.99%,100%
MKCOL,Create folder,96,0,140.0,248.54201563418124,111.0908460104838,5958.408344071358,0.0,0.10666656016607674,0.0,150,160,170,190,330,470,1100,6000,6000,6000,6000
GET,Get file,4265,0,71,124.5082201827989,39.262428996153176,5310.661856899969,967321.6708089097,4.738884157378306,0.0,71,84,100,120,330,390,500,570,3900,5300,5300
PUT,Upload file,2125,0,240.0,293.35773177340843,135.49038098426536,5887.558889924549,0.0,2.361108753676178,0.0,240,280,310,340,470,550,640,790,5500,5900,5900
,Aggregated,6486,0,100.0,181.6640105764742,39.262428996153176,5958.408344071358,636081.857230959,7.2066594712205605,0.0,100,200,240,270,360,470,570,660,4800,6000,6000
