Type,Name,Request Count,Failure Count,Median Response Time,Average Response Time,Min Response Time,Max Response Time,Average Content Size,Requests/s,Failures/s,50%,66%,75%,80%,90%,95%,98%,99%,99.9%,99.99%,100%
POST,Create Folder,185,0,33,163.95499298500047,16.60926081240177,3703.0316619202495,247.0,0.20555486535816234,0.0,33,39,44,47,79,1100,2800,3400,3700,3700,3700
POST,Create Page,183,0,2500.0,2833.59717726682,2141.30742684938,9638.058017008007,295.42076502732243,0.20333265059753355,0.0,2500,2700,2800,3000,3600,4900,5400,9100,9600,9600,9600
POST,List Folders,185,0,15,17.255082321227402,8.894643047824502,220.92877584509552,9466.594594594595,0.20555486535816234,0.0,15,16,17,18,21,23,31,77,220,220,220
GET,Load content,19256,0,9,29.438293598392338,2.4775168858468533,4279.855555854738,571111.321354383,21.395483715333913,0.0,9,18,28,37,80,100,170,210,520,4200,4300
GET,Load page,978,2,70,95.90544364846488,29.895439045503736,2340.2023890521377,11684.269938650306,1.0866630179474746,0.0022222147606287823,70,80,87,93,110,140,220,1300,2300,2300,2300
POST,Query Page Tree,2114,0,11,38.75274676807549,4.6179709024727345,5024.594309972599,6934.687322611164,2.3488810019846227,0.0,11,20,23,25,32,39,58,240,4600,5000,5000
POST,Upload file,2365,0,61,156.00122850610782,25.049260118976235,5199.84354195185,2.0,2.627768954443535,0.0,61,91,120,150,280,370,740,2700,4800,5200,5200
,Aggregated,25266,2,14,65.84333352627952,2.4775168858468533,9638.058017008007,436367.5514921238,28.073239071023405,0.0022222147606287823,14,29,42,54,90,150,300,1700,4300,6000,9600
