Type,Name,Request Count,Failure Count,Median Response Time,Average Response Time,Min Response Time,Max Response Time,Average Content Size,Requests/s,Failures/s,50%,66%,75%,80%,90%,95%,98%,99%,99.9%,99.99%,100%
GET,/api/v1/oauth-clients/local,25,0,18,30.48273578286171,8.570183999836445,161.19900904595852,99.0,0.02771675689413681,0.0,18,20,21,34,35,160,160,160,160,160,160
POST,/api/v1/users/token,25,10,110.0,87.78009923174977,3.825825056992471,254.85154206398875,133.2,0.02771675689413681,0.011086702757654722,110,120,130,140,160,240,250,250,250,250,250
POST,/api/v1/videos/upload,1236,613,930.0,842.5372141886398,93.05990708526224,3832.5381429167464,50.10436893203884,1.3703164608461238,0.6796148790442346,940,1200,1400,1500,1900,2300,2700,2900,3700,3800,3800
,Aggregated,1286,623,380.0,812.0782018759908,3.825825056992471,3832.5381429167464,52.67029548989114,1.4257499746343973,0.6907015818018892,380,1100,1300,1500,1900,2200,2600,2900,3700,3800,3800
