Type,Name,Request Count,Failure Count,Median Response Time,Average Response Time,Min Response Time,Max Response Time,Average Content Size,Requests/s,Failures/s,50%,66%,75%,80%,90%,95%,98%,99%,99.9%,99.99%,100%
GET,Load content,41541,0,9,24.587121641132033,2.22182204015553,607.4877950595692,573992.800462194,46.158066164956296,0.0,9,17,25,33,75,93,150,200,370,540,610
GET,Load page,2086,10,53,58.1955550502908,24.88042402546853,271.74734498839825,11966.428092042186,2.317848054213881,0.011111448006777954,53,62,69,74,87,100,120,130,250,270,270
POST,Query Page Tree,4174,0,17,19.562152831804138,3.515564021654427,1655.8249090448953,14869.336607570676,4.637918398029118,0.0,17,24,27,29,36,42,51,60,260,1700,1700
,Aggregated,47801,10,10,25.61498658708234,2.22182204015553,1655.8249090448953,500643.53264576057,53.1138326171993,0.011111448006777954,10,21,29,37,72,91,140,190,370,610,1700
