Type,Name,Request Count,Failure Count,Median Response Time,Average Response Time,Min Response Time,Max Response Time,Average Content Size,Requests/s,Failures/s,50%,66%,75%,80%,90%,95%,98%,99%,99.9%,99.99%,100%
GET,Get file,12862,0,74,122.70253459804074,30,1776,984095.2468511895,14.294560850630962,0.0,74,93,110,130,210,420,700,890,1500,1700,1800
,Aggregated,12862,0,74,122.70253459804074,30,1776,984095.2468511895,14.294560850630962,0.0,74,93,110,130,210,420,700,890,1500,1700,1800
