Type,Name,Request Count,Failure Count,Median Response Time,Average Response Time,Min Response Time,Max Response Time,Average Content Size,Requests/s,Failures/s,50%,66%,75%,80%,90%,95%,98%,99%,99.9%,99.99%,100%
MKCOL,Create folder,129,0,160.0,204.44480022875766,111.3039719639346,742.5309419631958,0.0,0.14334497485397682,0.0,160,180,220,250,410,480,550,580,740,740,740
GET,Get file,5722,0,70,123.6970939362751,36.18289501173422,6172.445300035179,971822.4265990913,6.358294155926011,0.0,70,84,100,120,330,410,520,610,3000,6200,6200
PUT,Upload file,2835,0,240.0,297.6899870713011,140.18367399694398,5963.884187978692,0.0,3.1502558427211187,0.0,240,290,320,350,490,580,720,880,3100,6000,6000
,Aggregated,8686,0,100.0,181.68538614782577,36.18289501173422,6172.445300035179,640198.9321897306,9.651894973501106,0.0,100,200,240,280,380,490,610,730,3000,6200,6200
