Type,Name,Request Count,Failure Count,Median Response Time,Average Response Time,Min Response Time,Max Response Time,Average Content Size,Requests/s,Failures/s,50%,66%,75%,80%,90%,95%,98%,99%,99.9%,99.99%,100%
GET,download,2245,0,8,7.929126460069919,4.532361053861678,23.18190596997738,4058.0,2.497801950062609,0.0,8,8,9,9,11,12,13,14,22,23,23
,Aggregated,2245,0,8,7.929126460069919,4.532361053861678,23.18190596997738,4058.0,2.497801950062609,0.0,8,8,9,9,11,12,13,14,22,23,23
