Type,Name,Request Count,Failure Count,Median Response Time,Average Response Time,Min Response Time,Max Response Time,Average Content Size,Requests/s,Failures/s,50%,66%,75%,80%,90%,95%,98%,99%,99.9%,99.99%,100%
GET,Get file,21467,0,70,87.55620254343877,35,1137,972163.3451343924,23.852744997117743,0.0,70,79,88,95,120,160,370,430,640,1100,1100
,Aggregated,21467,0,70,87.55620254343877,35,1137,972163.3451343924,23.852744997117743,0.0,70,79,88,95,120,160,370,430,640,1100,1100
