Type,Name,Request Count,Failure Count,Median Response Time,Average Response Time,Min Response Time,Max Response Time,Average Content Size,Requests/s,Failures/s,50%,66%,75%,80%,90%,95%,98%,99%,99.9%,99.99%,100%
MKCOL,Create folder,160,0,180.0,344.5498701999895,132.92250595986843,5293.02040906623,0.0,0.17783421001884672,0.0,180,210,240,260,460,890,3000,4800,5300,5300,5300
GET,Get file,5516,1,80,196.01615784649516,3.6055149976164103,5911.14061512053,970653.8022117476,6.130834390399741,0.001111463812617792,80,95,110,130,340,510,1500,3600,5300,5900,5900
PUT,Upload file,2803,0,280.0,414.3285679299839,158.4144129883498,6338.198322802782,0.0,3.1154330667676713,0.0,280,310,340,380,580,840,2300,4000,5800,6300,6300
,Aggregated,8479,1,120.0,270.9890413752813,3.6055149976164103,6338.198322802782,631457.2913079372,9.424101667186259,0.001111463812617792,120,240,280,300,420,650,1800,3800,5700,6300,6300
