Type,Name,Request Count,Failure Count,Median Response Time,Average Response Time,Min Response Time,Max Response Time,Average Content Size,Requests/s,Failures/s,50%,66%,75%,80%,90%,95%,98%,99%,99.9%,99.99%,100%
MKCOL,Create folder,85,0,180.0,240.77670340261915,129.25199489109218,1334.404906956479,0.0,0.09444523063036657,0.0,180,210,230,250,420,480,1100,1300,1300,1300,1300
GET,Get file,3661,1,79,145.71651395476314,4.2824819684028625,5238.950466969982,1006805.7806610216,4.067811639267906,0.0011111203603572537,79,92,110,120,310,380,590,1000,4900,5200,5200
PUT,Upload file,1959,0,260.0,321.3444178170563,161.11383493989706,5650.22222395055,0.0,2.17668478593986,0.0,260,290,310,330,470,560,770,1100,5600,5700,5700
,Aggregated,5705,1,110.0,207.44047184596386,4.2824819684028625,5650.22222395055,646085.1819456617,6.338941655838132,0.0011111203603572537,110,230,260,280,350,480,690,1000,5100,5700,5700
