Type,Name,Request Count,Failure Count,Median Response Time,Average Response Time,Min Response Time,Max Response Time,Average Content Size,Requests/s,Failures/s,50%,66%,75%,80%,90%,95%,98%,99%,99.9%,99.99%,100%
GET,/api/v1/oauth-clients/local,25,0,14,17.398832798935473,8.175850030966103,38.25892601162195,99.0,0.02771703954581224,0.0,14,16,17,21,37,37,38,38,38,38,38
POST,/api/v1/users/token,25,0,120.0,158.11616932041943,104.59876095410436,393.44802498817444,194.0,0.02771703954581224,0.0,120,120,130,150,380,390,390,390,390,390,390
POST,/api/v1/videos/upload,203,94,970.0,650.0687470993375,104.22551503870636,1870.9337529726326,50.783251231527096,0.2250623611119954,0.10421606869225403,970,1000,1000,1100,1100,1300,1600,1800,1900,1900,1900
GET,download,1065,0,7,9.229288359736683,3.042789059691131,251.03034707717597,4058.0,1.1807458846516015,0.0,7,8,8,8,9,12,31,80,190,250,250
,Aggregated,1318,94,8,110.9112464470933,3.042789059691131,1870.9337529726326,3292.415781487102,1.4612423248552213,0.10421606869225403,8,8,10,18,150,1000,1100,1200,1800,1900,1900
