Type,Name,Request Count,Failure Count,Median Response Time,Average Response Time,Min Response Time,Max Response Time,Average Content Size,Requests/s,Failures/s,50%,66%,75%,80%,90%,95%,98%,99%,99.9%,99.99%,100%
GET,Load content,133266,0,16,62.49428450986723,2.3556859232485294,3995.153506984934,577053.2705641349,148.0725662329183,0.0,16,34,58,81,150,250,450,680,1800,3000,4000
GET,Load page,6704,39,66,76.65220434595592,22.29402301600203,446.7834160896018,11943.312649164678,7.448850299592427,0.04333310884309437,66,81,92,100,130,160,200,240,340,450,450
POST,Query Page Tree,13473,1,20,36.50683076253374,3.757523954845965,129931.00423499709,14810.839234023602,14.969922447256677,0.0011111053549511375,20,28,32,35,47,63,95,140,1000,1100,130000
,Aggregated,153443,40,18,60.83103320640795,2.3556859232485294,129931.00423499709,502995.87182210985,170.4913389797674,0.044444214198045506,18,37,57,77,140,230,410,630,1800,2900,130000
