Type,Name,Request Count,Failure Count,Median Response Time,Average Response Time,Min Response Time,Max Response Time,Average Content Size,Requests/s,Failures/s,50%,66%,75%,80%,90%,95%,98%,99%,99.9%,99.99%,100%
MKCOL,Create folder,117,0,150.0,184.9314712209858,110.28079292736948,536.4975209813565,0.0,0.13006042213488012,0.0,150,170,200,220,290,420,480,480,540,540,540
PUT,Upload file,2022,1,260.0,311.5333464539805,5.002433899790049,5198.813634109683,0.0,2.247710885100236,0.00111162753961436,260,310,350,380,470,560,690,810,5100,5200,5200
,Aggregated,2139,1,260.0,304.6084191971968,5.002433899790049,5198.813634109683,0.0,2.3777713072351156,0.00111162753961436,260,310,350,370,460,550,680,800,5100,5200,5200
