Type,Name,Request Count,Failure Count,Median Response Time,Average Response Time,Min Response Time,Max Response Time,Average Content Size,Requests/s,Failures/s,50%,66%,75%,80%,90%,95%,98%,99%,99.9%,99.99%,100%
MKCOL,Create folder,134,0,180.0,217.0489998377943,123.23959195055068,767.51801406499,0.0,0.14891581120489328,0.0,180,200,210,220,290,470,650,750,770,770,770
PUT,Upload file,2517,1,280.0,319.1176983909415,157.83195197582245,1451.1425727978349,0.12276519666269368,2.797172364199376,0.001111312023917114,280,310,340,360,500,600,810,930,1300,1500,1500
,Aggregated,2651,1,270.0,313.9584356198658,123.23959195055068,1451.1425727978349,0.11655978875895888,2.9460881754042694,0.001111312023917114,270,300,330,350,490,590,800,930,1300,1500,1500
