Type,Name,Request Count,Failure Count,Median Response Time,Average Response Time,Min Response Time,Max Response Time,Average Content Size,Requests/s,Failures/s,50%,66%,75%,80%,90%,95%,98%,99%,99.9%,99.99%,100%
POST,Create Folder,356,0,37,174.03076925730917,16.120359068736434,3780.9145140927285,247.0,0.3955749164261445,0.0,37,46,54,64,410,1300,1700,2400,3800,3800,3800
POST,Create Page,352,0,3300.0,3817.693010064514,2238.7150458525866,10805.200027069077,295.6988636363636,0.39113025444382826,0.0,3300,3800,4200,4600,5700,7600,9100,9800,11000,11000,11000
POST,List Folders,356,0,20,24.43467026767373,8.78685200586915,228.93918701447546,18174.719101123595,0.3955749164261445,0.0,20,23,27,29,40,57,77,83,230,230,230
GET,Load content,33520,0,14,45.568474140294676,2.480484079569578,4444.158112863079,571314.4591885442,37.24626741181001,0.0,14,27,41,56,100,170,280,380,2600,4200,4400
GET,Load page,1682,3,84,108.56003556126456,20.83330601453781,2841.1088651046157,11941.681926278241,1.8689803635639748,0.0033334964867371727,84,100,110,120,160,200,320,610,2600,2800,2800
POST,Query Page Tree,3928,0,14,47.993077142799535,4.292722791433334,5064.859181875363,11760.811863543788,4.364658066634538,0.0,14,24,31,36,49,72,230,980,3600,5100,5100
POST,Upload file,4537,0,83,206.79165454343675,22.96492992900312,6661.252862075344,2.0,5.041357853442184,0.0,83,130,180,230,380,610,1300,3200,4800,6700,6700
,Aggregated,44731,3,20,95.04069689233008,2.480484079569578,10805.200027069077,429755.9710715164,49.70354378274683,0.0033334964867371727,20,40,61,80,140,250,540,2400,5300,9800,11000
