Type,Name,Request Count,Failure Count,Median Response Time,Average Response Time,Min Response Time,Max Response Time,Average Content Size,Requests/s,Failures/s,50%,66%,75%,80%,90%,95%,98%,99%,99.9%,99.99%,100%
POST,Create Folder,533,0,36,113.59487107616812,13.598965015262365,5082.782945013605,247.0,0.592223886466288,0.0,36,47,59,67,120,250,620,3400,5100,5100,5100
POST,Create Page,525,0,4500.0,4872.583964345644,2534.3103479826823,22952.793017029762,295.79809523809524,0.5833349725981261,0.0,4500,5100,5500,5800,6800,7900,9800,13000,23000,23000,23000
POST,List Folders,533,0,23,32.44113823013227,8.406634966377169,341.8683269992471,27197.45966228893,0.592223886466288,0.0,23,28,33,36,50,73,160,230,340,340,340
GET,Load content,45735,0,18,53.90237037275998,2.384099061600864,1552.7474830159917,574953.144134689,50.81680947004818,0.0,18,35,56,78,140,230,360,460,840,1300,1600
GET,Load page,2325,23,93,117.67324926231497,25.09092108812183,1122.2225379897282,11747.140645161291,2.583340592934558,0.02555562737096552,93,120,140,150,210,280,370,460,1000,1100,1100
POST,Query Page Tree,7290,8,13,50.75050378488172,4.075041972100735,5082.459067925811,12018.603017832647,8.10002276236255,0.00888891386816192,13,25,37,45,77,130,240,390,4500,5100,5100
POST,Upload file,6793,0,100.0,178.40933615806415,20.058383990544826,1990.6698350096121,2.0,7.547798988302991,0.0,100,160,220,270,440,610,830,1000,1500,2000,2000
,Aggregated,63734,31,25,109.1515483241016,2.384099061600864,22952.793017029762,414617.10455957573,70.81575455917898,0.03444454123912744,25,50,78,96,190,310,560,1100,6500,13000,23000
