Type,Name,Request Count,Failure Count,Median Response Time,Average Response Time,Min Response Time,Max Response Time,Average Content Size,Requests/s,Failures/s,50%,66%,75%,80%,90%,95%,98%,99%,99.9%,99.99%,100%
MKCOL,Create folder,475,0,480.0,759.7627461655065,139.86394298262894,6478.908875025809,0.0,0.5278909697820772,0.0,480,810,1100,1200,1700,2000,2400,4200,6500,6500,6500
PUT,Upload file,9019,0,810.0,1276.672994028021,163.01111795473844,9734.727832023054,0.0,10.023260329399061,0.0,810,1300,1700,2100,3100,3700,4900,5900,7400,9700,9700
,Aggregated,9494,0,790.0,1250.8111478373014,139.86394298262894,9734.727832023054,0.0,10.55115129918114,0.0,790,1300,1700,2000,3000,3700,4800,5900,7400,9700,9700
