Type,Name,Request Count,Failure Count,Median Response Time,Average Response Time,Min Response Time,Max Response Time,Average Content Size,Requests/s,Failures/s,50%,66%,75%,80%,90%,95%,98%,99%,99.9%,99.99%,100%
GET,Get file,2188,0,73,119.0146252285192,33,737,928325.3208409506,2.4318652445682813,0.0,73,98,130,160,260,380,480,530,670,740,740
,Aggregated,2188,0,73,119.0146252285192,33,737,928325.3208409506,2.4318652445682813,0.0,73,98,130,160,260,380,480,530,670,740,740
