Type,Name,Request Count,Failure Count,Median Response Time,Average Response Time,Min Response Time,Max Response Time,Average Content Size,Requests/s,Failures/s,50%,66%,75%,80%,90%,95%,98%,99%,99.9%,99.99%,100%
GET,/api/v1/oauth-clients/local,25,0,15,17.50858354382217,8.354244055226445,35.42136703617871,99.0,1.712027033339461,0.0,15,16,18,18,34,35,35,35,35,35,35
POST,/api/v1/users/token,25,25,95,126.54628688469529,86.70760795939714,356.7269070772454,78.0,1.712027033339461,1.712027033339461,95,110,110,120,310,320,360,360,360,360,360
,Aggregated,50,25,35,72.02743521425873,8.354244055226445,356.7269070772454,88.5,3.424054066678922,1.712027033339461,87,94,95,110,120,310,360,360,360,360,360
