Type,Name,Request Count,Failure Count,Median Response Time,Average Response Time,Min Response Time,Max Response Time,Average Content Size,Requests/s,Failures/s,50%,66%,75%,80%,90%,95%,98%,99%,99.9%,99.99%,100%
MKCOL,Create folder,384,0,250.0,735.9181688345112,108.71322202729061,6445.01980592031,0.0,0.42666374988430616,0.0,250,440,600,810,1500,4100,5500,5900,6400,6400,6400
PUT,Upload file,7666,1,480.0,956.0269402309938,146.70206094160676,7909.932216047309,0.04030785285677015,8.517719548471591,0.001111103515323714,480,730,990,1200,2200,4100,5600,6100,7200,7900,7900
,Aggregated,8050,1,470.0,945.5273416948143,108.71322202729061,7909.932216047309,0.03838509316770186,8.944383298355898,0.001111103515323714,470,720,970,1200,2200,4100,5600,6100,7100,7900,7900
