Type,Name,Request Count,Failure Count,Median Response Time,Average Response Time,Min Response Time,Max Response Time,Average Content Size,Requests/s,Failures/s,50%,66%,75%,80%,90%,95%,98%,99%,99.9%,99.99%,100%
GET,Get file,8624,0,66,96.48817254174396,33,1081,980307.4403988868,9.582457950965628,0.0,66,81,94,100,160,260,480,600,820,1100,1100
,Aggregated,8624,0,66,96.48817254174396,33,1081,980307.4403988868,9.582457950965628,0.0,66,81,94,100,160,260,480,600,820,1100,1100
