Type,Name,Request Count,Failure Count,Median Response Time,Average Response Time,Min Response Time,Max Response Time,Average Content Size,Requests/s,Failures/s,50%,66%,75%,80%,90%,95%,98%,99%,99.9%,99.99%,100%
GET,Get file,16111,0,69,85.39451306560736,36,1475,971448.634287133,17.903899711963746,0.0,69,77,85,91,110,140,370,430,660,1400,1500
,Aggregated,16111,0,69,85.39451306560736,36,1475,971448.634287133,17.903899711963746,0.0,69,77,85,91,110,140,370,430,660,1400,1500
