Type,Name,Request Count,Failure Count,Median Response Time,Average Response Time,Min Response Time,Max Response Time,Average Content Size,Requests/s,Failures/s,50%,66%,75%,80%,90%,95%,98%,99%,99.9%,99.99%,100%
POST,Create Folder,375,1,35,51.49797723488882,9.378400980494916,1081.292480987031,251.32266666666666,0.41668055688837824,0.001111148151702342,35,41,47,52,72,120,210,290,1100,1100,1100
POST,Create Page,371,0,3600.0,3957.3789620489597,55.92368100769818,16483.919506019447,296.0134770889488,0.4122359642815689,0.0,3600,4100,4300,4600,5500,6200,7300,10000,16000,16000,16000
POST,List Folders,375,1,19,23.631390381293993,6.446859973948449,249.85443195328116,19046.288,0.41668055688837824,0.001111148151702342,19,23,25,27,35,46,73,97,250,250,250
GET,Load content,34534,0,15,42.34457296918265,2.6558219688013196,1280.8119680266827,585095.8513638733,38.37239027088868,0.0,15,28,44,60,110,180,270,340,670,1000,1300
GET,Load page,1751,25,85,99.16834898510025,20.30438301153481,878.6606779904105,11846.157053112507,1.9456204136308008,0.02777870379255855,85,100,110,120,160,210,270,310,700,880,880
POST,Query Page Tree,4751,6,12,35.63642737448952,4.541550995782018,5081.324890023097,10976.663860239949,5.2790648687378265,0.006666888910214052,12,24,33,38,55,83,180,290,2800,5100,5100
POST,Upload file,4780,0,75,141.88889833354727,19.89661098923534,1754.1534850606695,2.0,5.311288165137195,0.0,75,120,170,200,350,500,700,860,1500,1800,1800
,Aggregated,46937,33,21,84.79174148874986,2.6558219688013196,16483.919506019447,432195.25890022796,52.15396079645283,0.03666788900617728,21,40,62,80,140,230,420,820,5200,9200,16000
