Type,Name,Request Count,Failure Count,Median Response Time,Average Response Time,Min Response Time,Max Response Time,Average Content Size,Requests/s,Failures/s,50%,66%,75%,80%,90%,95%,98%,99%,99.9%,99.99%,100%
GET,Get file,4328,0,73,89.68253234750462,36,1031,975536.6765249538,4.809243773277205,0.0,73,79,87,92,110,140,370,410,510,1000,1000
,Aggregated,4328,0,73,89.68253234750462,36,1031,975536.6765249538,4.809243773277205,0.0,73,79,87,92,110,140,370,410,510,1000,1000
