Type,Name,Request Count,Failure Count,Median Response Time,Average Response Time,Min Response Time,Max Response Time,Average Content Size,Requests/s,Failures/s,50%,66%,75%,80%,90%,95%,98%,99%,99.9%,99.99%,100%
GET,/api/v1/oauth-clients/local,25,0,47,69.08726837486029,8.557518944144249,191.85735401697457,99.0,0.027795656498500226,0.0,47,84,85,93,190,190,190,190,190,190,190
POST,/api/v1/users/token,25,0,230.0,272.7339599467814,127.48679902870208,544.3256810540333,194.0,0.027795656498500226,0.0,230,350,400,410,410,420,540,540,540,540,540
POST,/api/v1/videos/upload,1092,568,370.0,676.3429927223681,83.18643597885966,6700.2588380128145,49.35531135531136,1.2141142758544898,0.6315173156459252,370,910,1000,1100,1400,1600,2800,3500,6100,6700,6700
,Aggregated,1142,568,290.0,654.2137292126681,8.557518944144249,6700.2588380128145,53.60858143607706,1.2697055888514903,0.6315173156459252,290,900,970,1100,1300,1600,2800,3500,6100,6700,6700
