Type,Name,Request Count,Failure Count,Median Response Time,Average Response Time,Min Response Time,Max Response Time,Average Content Size,Requests/s,Failures/s,50%,66%,75%,80%,90%,95%,98%,99%,99.9%,99.99%,100%
MKCOL,Create folder,71,0,150.0,178.44431170977285,109.83191896229982,541.4618890499696,0.0,0.07890349264817807,0.0,150,150,160,180,280,440,480,540,540,540,540
GET,Get file,2901,0,72,114.9755702931877,37.19750000163913,1085.3105490095913,961736.8645294725,3.2239300305966845,0.0,72,86,100,120,310,360,430,520,850,1100,1100
PUT,Upload file,1396,1,240.0,282.4391510519719,4.687660024501383,1402.047382085584,0.0,1.5513982498148817,0.001111316797861663,240,280,310,330,460,550,640,720,1200,1400,1400
,Aggregated,4368,1,110.0,169.52809762373724,4.687660024501383,1402.047382085584,638735.9532967033,4.854231773059745,0.001111316797861663,110,200,240,270,350,430,550,630,880,1400,1400
