Type,Name,Request Count,Failure Count,Median Response Time,Average Response Time,Min Response Time,Max Response Time,Average Content Size,Requests/s,Failures/s,50%,66%,75%,80%,90%,95%,98%,99%,99.9%,99.99%,100%
GET,/api/v1/oauth-clients/local,25,0,16,26.14614264573902,7.802539970725775,72.82439596019685,99.0,0.3798138825912129,0.0,16,20,34,36,72,72,73,73,73,73,73
POST,/api/v1/users/token,25,10,110.0,110.9353842632845,2.51767598092556,378.5290920641273,133.2,0.3798138825912129,0.15192555303648517,110,110,120,130,370,370,380,380,380,380,380
POST,/api/v1/videos/upload,16,7,1000.0,678.0537310623913,111.42195505090058,1384.9234019871801,52.0,0.24308088485837628,0.10634788712553962,1000,1100,1100,1100,1300,1400,1400,1400,1400,1400,1400
GET,download,85,0,7,7.833341972025878,3.221527091227472,59.14547701831907,4058.0,1.291367200810124,0.0,7,7,8,8,8,10,54,59,59,59,59
,Aggregated,151,17,8,98.95186713474205,2.51767598092556,1384.9234019871801,2328.2582781456954,2.294075850850926,0.2582734401620248,8,14,36,98,130,1000,1100,1300,1400,1400,1400
