Type,Name,Request Count,Failure Count,Median Response Time,Average Response Time,Min Response Time,Max Response Time,Average Content Size,Requests/s,Failures/s,50%,66%,75%,80%,90%,95%,98%,99%,99.9%,99.99%,100%
POST,Create Folder,1504,233,89,330.5003243914008,3.614935092628002,19241.82184203528,221.28324468085106,1.6711109446584609,0.25888886310200887,90,130,190,230,590,1500,3300,4400,13000,19000,19000
POST,Create Page,1235,0,9800.0,12239.2429534919,31.092375982552767,61068.112954031676,295.91174089068824,1.3722220855406908,0.0,9800,13000,15000,17000,25000,31000,40000,46000,57000,61000,61000
POST,List Folders,1504,233,53,160.72776658953404,2.6358971372246742,19675.37278193049,54843.7852393617,1.6711109446584609,0.25888886310200887,53,75,96,110,170,250,400,4600,20000,20000,20000
POST,Upload file,13614,0,630.0,1531.9597538520704,29.60155694745481,52882.404731120914,2.0,15.126665159960297,0.0,630,1100,1600,2000,3700,5500,8300,12000,40000,52000,53000
,Aggregated,17857,466,520.0,2055.7972887573437,2.6358971372246742,61068.112954031676,4659.827630621045,19.84110913481791,0.5177777262040177,520,1100,1700,2300,5400,9300,16000,25000,45000,57000,61000
