Type,Name,Request Count,Failure Count,Median Response Time,Average Response Time,Min Response Time,Max Response Time,Average Content Size,Requests/s,Failures/s,50%,66%,75%,80%,90%,95%,98%,99%,99.9%,99.99%,100%
POST,Create Folder,1062,0,81,360.5252828592831,14.656198909506202,8592.90871489793,247.0,1.1801490926799256,0.0,81,110,160,220,860,1900,3800,4900,7400,8600,8600
POST,Create Page,1040,0,7500.0,9034.117827066131,2349.8780929949135,50875.301776919514,295.9384615384615,1.155701559686556,0.0,7500,8800,9800,11000,15000,20000,25000,41000,50000,51000,51000
POST,List Folders,1061,0,55,83.03186520503994,9.292941074818373,3127.0632368978113,54136.63619227144,1.179037841180227,0.0,55,74,88,110,150,200,290,450,1800,3100,3100
POST,Upload file,11469,0,400.0,1167.6515017934178,26.247235015034676,32049.170431913808,2.0,12.744943450043378,0.0,400,710,1100,1400,3000,4800,8400,11000,25000,31000,32000
,Aggregated,14632,0,360.0,1589.5470389281427,9.292941074818373,50875.301776919514,3966.101626571897,16.259831943590086,0.0,360,730,1300,1900,4900,7900,12000,16000,38000,50000,51000
