Type,Name,Request Count,Failure Count,Median Response Time,Average Response Time,Min Response Time,Max Response Time,Average Content Size,Requests/s,Failures/s,50%,66%,75%,80%,90%,95%,98%,99%,99.9%,99.99%,100%
POST,Create Folder,1892,678,40,90.24484490485465,3.7403409369289875,4984.651105012745,187.5137420718816,2.1025559655611326,0.7534529305763467,40,68,92,110,200,380,600,770,1900,5000,5000
POST,Create Page,1177,0,11000.0,13649.77057824854,1712.7532070153393,71780.54542501923,296.05947323704333,1.307985397180472,0.0,11000,14000,16000,19000,25000,39000,49000,51000,60000,72000,72000
POST,List Folders,1892,678,32,62.88459149943532,2.7717799530364573,1542.6409309729934,39785.55496828753,2.1025559655611326,0.7534529305763467,32,48,65,81,140,220,480,600,1300,1500,1500
POST,Upload file,12994,0,350.0,963.0007642852597,20.837693009525537,40138.5550230043,2.0,14.440069881871754,0.0,350,640,1000,1300,2300,3400,5700,8200,33000,40000,40000
,Aggregated,17955,1356,270.0,1607.8380838428357,2.7717799530364573,71780.54542501923,4232.998941798942,19.953167210174488,1.5069058611526933,270,560,980,1400,3300,8200,16000,23000,50000,60000,72000
