Type,Name,Request Count,Failure Count,Median Response Time,Average Response Time,Min Response Time,Max Response Time,Average Content Size,Requests/s,Failures/s,50%,66%,75%,80%,90%,95%,98%,99%,99.9%,99.99%,100%
GET,Load content,104804,0,15,44.726687192444544,2.1659410558640957,1819.981856038794,598212.9936261975,116.44874513542591,0.0,15,29,46,64,120,190,290,380,760,1200,1800
GET,Load page,6703,7,59,70.20543917531307,18.519283970817924,508.2025199662894,9813.499328658809,7.447768583668179,0.007777768176290803,59,73,84,91,120,150,190,240,360,510,510
POST,Query Page Tree,13432,1,34,57.191737251226726,4.239361034706235,129165.56083201431,60645.8435080405,14.924426020562581,0.0011111097394701148,34,49,57,62,82,110,170,250,3400,5200,129000
,Aggregated,124939,8,17,47.43372524245879,2.1659410558640957,129165.56083201431,508852.23541088053,138.82093973965667,0.008888877915760918,17,37,54,67,110,180,270,360,840,3400,129000
