Type,Name,Request Count,Failure Count,Median Response Time,Average Response Time,Min Response Time,Max Response Time,Average Content Size,Requests/s,Failures/s,50%,66%,75%,80%,90%,95%,98%,99%,99.9%,99.99%,100%
MKCOL,Create folder,374,0,240.0,433.2217982631515,122.78452515602112,5740.333889843896,0.0,0.4165424012707659,0.0,240,330,410,480,750,1500,2500,3400,5700,5700,5700
PUT,Upload file,7262,3,350.0,648.2024159523966,162.43095393292606,9533.346857177094,0.12751308179564858,8.088050582963374,0.003341249208054272,350,460,570,650,1100,2300,4600,5700,8800,9500,9500
,Aggregated,7636,3,350.0,637.6729828701837,122.78452515602112,9533.346857177094,0.1212676794133054,8.50459298423414,0.003341249208054272,350,450,560,650,1100,2300,4500,5700,8800,9500,9500
