Type,Name,Request Count,Failure Count,Median Response Time,Average Response Time,Min Response Time,Max Response Time,Average Content Size,Requests/s,Failures/s,50%,66%,75%,80%,90%,95%,98%,99%,99.9%,99.99%,100%
GET,/api/v1/oauth-clients/local,25,0,16,17.171428436413407,7.626165868714452,32.990551088005304,99.0,0.027806400656203645,0.0,16,18,19,22,32,32,33,33,33,33,33
POST,/api/v1/users/token,25,0,130.0,159.7648048074916,109.90737797692418,380.52845699712634,194.0,0.027806400656203645,0.0,130,140,140,150,350,370,380,380,380,380,380
POST,/api/v1/videos/upload,200,100,250.0,518.7693864846369,87.94564800336957,1902.8839971870184,49.515,0.22245120524962916,0.11122560262481458,720,890,910,930,970,1000,1200,1400,1900,1900,1900
GET,download,1091,0,7,8.721326337935187,2.9003119561821222,166.13055695779622,4058.0,1.213471324636727,0.0,7,8,8,8,9,11,19,100,160,170,170
,Aggregated,1341,100,7,87.76454150836115,2.9003119561821222,1902.8839971870184,3314.3221476510066,1.4915353311987636,0.11122560262481458,7,8,9,15,120,890,950,1000,1400,1900,1900
