Type,Name,Request Count,Failure Count,Median Response Time,Average Response Time,Min Response Time,Max Response Time,Average Content Size,Requests/s,Failures/s,50%,66%,75%,80%,90%,95%,98%,99%,99.9%,99.99%,100%
MKCOL,Create folder,195,0,150.0,234.72444186560236,107.17350302729756,5308.661908027716,0.0,0.2166794436624534,0.0,150,170,190,210,290,480,1100,3200,5300,5300,5300
PUT,Upload file,4089,2,260.0,305.0053489587828,5.624881014227867,5441.7941540014,0.07532404010760577,4.5436012571065225,0.0022223532683328553,260,300,340,370,470,560,690,780,3800,5400,5400
,Aggregated,4284,2,260.0,301.80628806168426,5.624881014227867,5441.7941540014,0.0718954248366013,4.760280700768976,0.0022223532683328553,260,300,330,360,470,560,690,780,4000,5400,5400
