Type,Name,Request Count,Failure Count,Median Response Time,Average Response Time,Min Response Time,Max Response Time,Average Content Size,Requests/s,Failures/s,50%,66%,75%,80%,90%,95%,98%,99%,99.9%,99.99%,100%
GET,Load content,79536,0,16,43.77552778675481,2.2456010337918997,1213.6409068480134,594909.1098873466,88.3726432076695,0.0,16,30,47,64,110,180,270,350,580,790,1200
GET,Load page,5109,10,66,76.41350950116616,21.94273704662919,499.25277405418456,9792.68291250734,5.676622336400918,0.011111024342143117,66,79,90,98,120,150,190,240,350,500,500
POST,Query Page Tree,10237,0,35,39.96551511213791,4.580221837386489,1117.3471719957888,60593.3295887467,11.374355619051908,0.0,35,50,56,61,78,99,130,210,1100,1100,1100
,Aggregated,94882,10,18,45.12187745085205,2.2456010337918997,1213.6409068480134,505754.68156236166,105.42362116312232,0.011111024342143117,18,39,55,69,110,170,260,330,590,1100,1200
