Type,Name,Request Count,Failure Count,Median Response Time,Average Response Time,Min Response Time,Max Response Time,Average Content Size,Requests/s,Failures/s,50%,66%,75%,80%,90%,95%,98%,99%,99.9%,99.99%,100%
GET,Get file,17187,0,65,112.14569151102577,32,1998,962800.8835166114,19.097490886322714,0.0,65,80,94,100,180,400,640,930,1600,1900,2000
,Aggregated,17187,0,65,112.14569151102577,32,1998,962800.8835166114,19.097490886322714,0.0,65,80,94,100,180,400,640,930,1600,1900,2000
