Type,Name,Request Count,Failure Count,Median Response Time,Average Response Time,Min Response Time,Max Response Time,Average Content Size,Requests/s,Failures/s,50%,66%,75%,80%,90%,95%,98%,99%,99.9%,99.99%,100%
GET,Get file,10749,0,70,88.17880733091451,35,1095,969023.1137780258,11.943337838732688,0.0,70,78,87,94,120,150,370,550,730,890,1100
,Aggregated,10749,0,70,88.17880733091451,35,1095,969023.1137780258,11.943337838732688,0.0,70,78,87,94,120,150,370,550,730,890,1100
