Type,Name,Request Count,Failure Count,Median Response Time,Average Response Time,Min Response Time,Max Response Time,Average Content Size,Requests/s,Failures/s,50%,66%,75%,80%,90%,95%,98%,99%,99.9%,99.99%,100%
POST,Create Folder,711,0,57,117.86875773754046,15.391042979899794,4640.9585130168125,247.0,0.789991476386695,0.0,57,81,100,120,200,300,990,1100,4600,4600,4600
POST,Create Page,700,0,6500.0,6967.600735063319,2643.035557004623,16124.799799988978,295.8485714285714,0.7777693860347208,0.0,6500,7600,8400,8900,10000,12000,14000,15000,16000,16000,16000
POST,List Folders,711,0,35,49.90252610169935,8.387841982766986,781.7121529951692,36273.876230661044,0.789991476386695,0.0,35,45,55,62,87,130,250,290,780,780,780
GET,Load content,41469,0,27,81.81028134740357,2.5109179550781846,2974.759321019519,576500.4571607707,46.076169527819765,0.0,27,56,88,110,220,340,540,700,1300,1900,3000
GET,Load page,2106,23,120.0,153.18874129083017,25.13415494468063,1483.9438749477267,11832.187559354226,2.3399747528416026,0.025555279826855112,120,150,180,210,290,380,510,600,1000,1500,1500
POST,Query Page Tree,8506,2,21,142.99530199972222,4.13758703507483,131000.3322790144,12171.883023747943,9.451009139444764,0.002222198245813488,21,44,72,97,240,480,1000,1800,4500,131000,131000
POST,Upload file,9043,0,190.0,371.54165277488823,21.764460019767284,6786.116334958933,2.0,10.047669368445685,0.0,190,310,430,540,860,1300,2000,2600,5300,6800,6800
,Aggregated,63246,25,42,210.09994542834195,2.5109179550781846,131000.3322790144,380443.68979856436,70.27257512735993,0.027777478072668598,42,89,130,180,340,620,1300,4500,11000,15000,131000
