Type,Name,Request Count,Failure Count,Median Response Time,Average Response Time,Min Response Time,Max Response Time,Average Content Size,Requests/s,Failures/s,50%,66%,75%,80%,90%,95%,98%,99%,99.9%,99.99%,100%
GET,download,2245,0,7,7.770609408658504,4.523059935308993,21.889342926442623,4058.0,2.493580213265706,0.0,7,8,9,9,10,11,13,14,18,22,22
,Aggregated,2245,0,7,7.770609408658504,4.523059935308993,21.889342926442623,4058.0,2.493580213265706,0.0,7,8,9,9,10,11,13,14,18,22,22
