Type,Name,Request Count,Failure Count,Median Response Time,Average Response Time,Min Response Time,Max Response Time,Average Content Size,Requests/s,Failures/s,50%,66%,75%,80%,90%,95%,98%,99%,99.9%,99.99%,100%
MKCOL,Create folder,244,0,200.0,257.02993487023184,132.2939849924296,1214.9612971115857,0.0,0.2711460788493192,0.0,200,220,240,280,450,680,890,1100,1200,1200,1200
PUT,Upload file,5009,0,300.0,395.29808377063847,155.6627058889717,6104.584458051249,0.0,5.566273397361638,0.0,300,350,400,460,650,860,1300,1600,5200,6100,6100
,Aggregated,5253,0,300.0,388.8755769494507,132.2939849924296,6104.584458051249,0.0,5.8374194762109575,0.0,300,340,400,450,640,850,1200,1500,5200,6100,6100
