Type,Name,Request Count,Failure Count,Median Response Time,Average Response Time,Min Response Time,Max Response Time,Average Content Size,Requests/s,Failures/s,50%,66%,75%,80%,90%,95%,98%,99%,99.9%,99.99%,100%
GET,/api/v1/oauth-clients/local,25,0,15,54.81900111306459,8.413880015723407,258.98431590758264,99.0,0.02778717084795568,0.0,15,34,36,190,190,190,260,260,260,260,260
POST,/api/v1/users/token,25,0,150.0,209.70875955186784,100.30817205552012,506.5193499904126,194.0,0.02778717084795568,0.0,150,180,230,340,500,500,510,510,510,510,510
POST,/api/v1/videos/upload,1088,567,420.0,777.9335555118023,92.65641099773347,4487.62802395504,49.3235294117647,1.2092976753030311,0.6302130348316348,420,1000,1200,1400,1800,2100,2700,3200,4400,4500,4500
,Aggregated,1138,567,320.0,749.564940609371,8.413880015723407,4487.62802395504,53.59314586994728,1.2648720169989425,0.6302130348316348,320,990,1200,1400,1800,2100,2700,3200,4400,4500,4500
