Type,Name,Request Count,Failure Count,Median Response Time,Average Response Time,Min Response Time,Max Response Time,Average Content Size,Requests/s,Failures/s,50%,66%,75%,80%,90%,95%,98%,99%,99.9%,99.99%,100%
POST,Create Folder,1347,179,150.0,470.162883008199,3.558867145329714,5284.787197131664,228.48106904231625,1.4967190052135375,0.1988958440484211,150,230,320,440,1500,2600,3900,4500,5100,5300,5300
POST,Create Page,1071,3,20000.0,20456.871543742876,44.26020407117903,67013.66719603539,300.45098039215685,1.1900416143902737,0.0033334499002528675,20000,27000,31000,33000,37000,43000,48000,54000,62000,67000,67000
POST,List Folders,1345,178,57,83.58039703535187,3.3559780567884445,1432.2498361580074,49183.45501858736,1.4944967052800355,0.19778469408167015,57,82,110,120,190,240,340,390,1300,1400,1400
POST,Upload file,12049,26,1200.0,3205.0104054759904,4.395802970975637,76379.81855100952,2.00647356627106,13.388245949382267,0.028889899135524852,1200,2500,3500,4400,7600,12000,19000,27000,66000,73000,76000
,Aggregated,15812,386,980.0,3875.0445760405673,3.3559780567884445,76379.81855100952,4224.985454085505,17.569503274266115,0.42890388716586897,980,2300,3600,4700,9900,19000,32000,40000,66000,73000,76000
