Type,Name,Request Count,Failure Count,Median Response Time,Average Response Time,Min Response Time,Max Response Time,Average Content Size,Requests/s,Failures/s,50%,66%,75%,80%,90%,95%,98%,99%,99.9%,99.99%,100%
POST,Create Folder,197,0,31,44.40956385327541,16.25860098283738,1040.216690977104,247.0,0.21904873529277627,0.0,31,36,39,41,57,83,260,320,1000,1000,1000
POST,Create Page,196,0,2700.0,2765.0062331929207,2262.6788409543224,3873.1121870223433,295.4591836734694,0.21793681277859975,0.0,2700,2800,3000,3100,3200,3300,3500,3500,3900,3900,3900
POST,List Folders,197,0,16,16.527152772127714,6.446735991630703,67.92383105494082,10075.827411167513,0.21904873529277627,0.0,16,17,18,19,21,23,39,46,68,68,68
GET,Load content,19306,0,9,26.273158135591316,2.180029056034982,490.79142697155476,569246.2581062882,21.466776058692076,0.0,9,18,27,36,81,100,160,200,320,460,490
GET,Load page,968,0,70,73.83995263663857,19.498093985021114,358.24505100026727,12026.936983471074,1.0763409937228803,0.0,70,81,88,94,110,120,150,170,360,360,360
POST,Query Page Tree,2196,0,9,18.27728073481103,4.3866909109056,1061.4076670026407,6838.714480874317,2.4417818411316583,0.0,9,21,25,27,35,42,59,82,230,1100,1100
POST,Upload file,2518,0,51,92.62649866984788,18.410763004794717,726.6852959874086,2.0,2.799820890696501,0.0,51,78,100,140,230,320,420,470,650,730,730
,Aggregated,25578,0,13,54.970007512054536,2.180029056034982,3873.1121870223433,430785.2331691297,28.440754067607266,0.0,13,27,39,51,89,140,250,420,3100,3500,3900
