Type,Name,Request Count,Failure Count,Median Response Time,Average Response Time,Min Response Time,Max Response Time,Average Content Size,Requests/s,Failures/s,50%,66%,75%,80%,90%,95%,98%,99%,99.9%,99.99%,100%
GET,Load content,57128,0,15,40.320330106702116,2.2160520311445,875.8581001311541,601389.7087592774,63.47349563293205,0.0,15,29,45,60,100,160,250,300,510,710,880
GET,Load page,3652,3,65,72.9384448652529,26.949445018544793,404.55255191773176,9828.326396495071,4.057646093885098,0.003333225159270343,65,78,86,93,110,130,160,180,320,400,400
POST,Query Page Tree,7324,0,34,37.99323243409337,4.610154079273343,1140.2241110336035,60593.6358547242,8.137513688831998,0.0,34,49,54,59,72,87,110,170,1100,1100,1100
,Aggregated,68104,3,17,41.81918027327149,2.2160520311445,1140.2241110336035,511509.92774286383,75.66865541564914,0.003333225159270343,17,38,53,65,98,150,240,290,520,1100,1100
