Type,Name,Request Count,Failure Count,Median Response Time,Average Response Time,Min Response Time,Max Response Time,Average Content Size,Requests/s,Failures/s,50%,66%,75%,80%,90%,95%,98%,99%,99.9%,99.99%,100%
POST,Create Folder,534,81,34,225.99214202792416,3.7854008842259645,5074.008016847074,235.87827715355806,0.5932375127591049,0.0899854654185159,34,46,57,70,520,1600,2700,3200,5100,5100,5100
POST,Create Page,452,0,4000.0,4739.019348199038,2220.2059680130333,19118.393583921716,295.7654867256637,0.5021411156687554,0.0,4000,4700,5400,5700,7000,9500,15000,16000,19000,19000,19000
POST,List Folders,534,81,20,29.857608290434527,3.36047587916255,270.3866730444133,19639.874531835205,0.5932375127591049,0.0899854654185159,20,25,29,33,52,83,230,240,270,270,270
GET,Load content,39175,0,18,64.02045077013699,2.5604870170354843,5339.300578925759,583095.9029483089,43.520748244078526,0.0,18,35,56,77,140,240,380,550,3700,4900,5300
GET,Load page,1989,7,90,145.546843550042,21.727032959461212,3891.520056175068,11822.339366515836,2.2096430952768906,0.007776521702834708,90,120,140,150,210,300,630,1600,3700,3900,3900
POST,Query Page Tree,6106,401,13,91.30833246845073,3.529217792674899,129176.55244003981,11655.035702587618,6.783348788215532,0.4454836004052454,13,23,32,38,65,130,770,1900,4000,129000,129000
POST,Upload file,5807,0,110.0,315.8144037909158,23.599893087521195,11535.302526084706,2.0,6.451180218337306,0.0,110,180,250,310,550,910,3700,4800,10000,12000,12000
,Aggregated,54597,570,25,136.77706217673733,2.5604870170354843,129176.55244003981,420320.1866586076,60.65353648709522,0.633231052945112,25,50,78,97,200,350,940,3300,7400,16000,129000
