Type,Name,Request Count,Failure Count,Median Response Time,Average Response Time,Min Response Time,Max Response Time,Average Content Size,Requests/s,Failures/s,50%,66%,75%,80%,90%,95%,98%,99%,99.9%,99.99%,100%
MKCOL,Create folder,177,0,190.0,383.75085223029436,130.43617398943752,6328.784167999402,0.0,0.19666740590037832,0.0,190,220,250,390,610,900,3000,5400,6300,6300,6300
GET,Get file,7327,0,80,218.22889419230597,40.25392699986696,7350.969191873446,960223.0009553706,8.141141712045604,0.0,80,98,120,140,370,560,2200,4000,6300,7400,7400
PUT,Upload file,3721,2,290.0,460.16366626465134,7.705442141741514,7718.588931951672,0.0,4.1344599850582355,0.0022222305751455175,290,330,380,440,670,1100,2900,4700,7000,7700,7700
,Aggregated,11225,2,120.0,301.0383973953279,7.705442141741514,7718.588931951672,626775.4056124722,12.472269103004217,0.0022222305751455175,120,240,290,320,500,760,2400,4300,6300,7700,7700
