Type,Name,Request Count,Failure Count,Median Response Time,Average Response Time,Min Response Time,Max Response Time,Average Content Size,Requests/s,Failures/s,50%,66%,75%,80%,90%,95%,98%,99%,99.9%,99.99%,100%
POST,Create Folder,847,0,28,45.18359768821654,13.910167996073142,1062.9076749901287,247.0,0.9422174986957759,0.0,28,36,45,53,87,120,210,280,1100,1100,1100
POST,Create Page,845,0,3800.0,4076.9934958154577,2201.642282976536,9941.214257996762,295.87455621301774,0.9399926639881118,0.0,3800,4300,4700,4900,5700,6500,7400,8300,9900,9900,9900
POST,List Folders,847,0,28,34.196411630984315,7.861347985453904,275.02411301247776,43214.99173553719,0.9422174986957759,0.0,28,33,37,40,56,71,98,160,280,280,280
POST,Upload file,9195,0,90,181.74545157645957,19.40766698680818,2722.780348995002,2.0,10.22867756848602,0.0,90,150,210,260,440,650,960,1300,1900,2700,2700
,Aggregated,11734,0,82,441.74567914632485,7.861347985453904,9941.214257996762,3160.108317709221,13.053105229865684,0.0,82,150,230,310,770,3400,4500,5200,7700,9700,9900
