Type,Name,Request Count,Failure Count,Median Response Time,Average Response Time,Min Response Time,Max Response Time,Average Content Size,Requests/s,Failures/s,50%,66%,75%,80%,90%,95%,98%,99%,99.9%,99.99%,100%
GET,download,4478,103,7,7.426926878730376,2.0793300354853272,21.948275971226394,3964.660562751228,4.971003512502842,0.11433974135502294,7,8,8,9,10,11,12,13,17,22,22
,Aggregated,4478,103,7,7.426926878730376,2.0793300354853272,21.948275971226394,3964.660562751228,4.971003512502842,0.11433974135502294,7,8,8,9,10,11,12,13,17,22,22
